title,company,salary_from,salary_to,salary_currency,schedule,experience,published_at,url,page,scrape_ts
Data Scientist в области языковых моделей (Middle),ИНИТИ,351000,,RUR,Удаленная работа,От 3 до 6 лет,2025-04-27T11:17:04+0300,https://hh.ru/vacancy/119900601,0,2025-04-27T14:09:13
Data Scientist,Rubius,,,,Удаленная работа,От 3 до 6 лет,2025-04-25T07:02:24+0300,https://hh.ru/vacancy/119941025,0,2025-04-27T14:09:13
Data Scientist в Сетку,HeadHunter,,,,Удаленная работа,От 3 до 6 лет,2025-04-25T13:36:18+0300,https://hh.ru/vacancy/119959811,0,2025-04-27T14:09:13
Data Scientist,Корпоративный университет Сбербанка,,,,Полный день,От 1 года до 3 лет,2025-04-24T15:55:00+0300,https://hh.ru/vacancy/119924718,0,2025-04-27T14:09:13
Data Scientist,ТЕКОН-Инжиниринг,,,,Полный день,От 3 до 6 лет,2025-04-25T13:10:05+0300,https://hh.ru/vacancy/119958555,0,2025-04-27T14:09:13
Специалист (Data Scientist),Сбербанк Факторинг,,,,Полный день,От 1 года до 3 лет,2025-04-25T13:20:16+0300,https://hh.ru/vacancy/119387681,0,2025-04-27T14:09:13
Data Scientist (Риски),А ДЕНЬГИ,,,,Удаленная работа,От 1 года до 3 лет,2025-04-25T09:22:05+0300,https://hh.ru/vacancy/117436621,0,2025-04-27T14:09:13
Data scientist,Банк ПСБ,,,,Полный день,От 1 года до 3 лет,2025-04-22T15:15:02+0300,https://hh.ru/vacancy/119828412,0,2025-04-27T14:09:13
Data Scientist,Точка,,510000,RUR,Удаленная работа,От 3 до 6 лет,2025-04-21T09:37:33+0300,https://hh.ru/vacancy/119749370,0,2025-04-27T14:09:13
TL Data Scientist,Платформа ОФД,,459000,RUR,Полный день,Более 6 лет,2025-04-27T12:59:14+0300,https://hh.ru/vacancy/117519659,0,2025-04-27T14:09:13
Data Scientist (Центр корпоративных решений),СБЕР,,,,Полный день,От 1 года до 3 лет,2025-04-25T16:06:00+0300,https://hh.ru/vacancy/119968153,0,2025-04-27T14:09:13
Data Scientist,РобоФинанс,,,,Удаленная работа,От 3 до 6 лет,2025-04-23T21:06:34+0300,https://hh.ru/vacancy/119884674,0,2025-04-27T14:09:13
Data Scientist,Альфа-Банк,,,,Полный день,От 1 года до 3 лет,2025-04-22T17:22:03+0300,https://hh.ru/vacancy/117796801,0,2025-04-27T14:09:13
Специалист по обработке и анализу данных / Data Scientist,Марс,,,,Полный день,От 3 до 6 лет,2025-04-26T09:49:04+0300,https://hh.ru/vacancy/119477244,0,2025-04-27T14:09:13
Data Scientist (Middle/Senior),ПКО АйДи Коллект,,,,Полный день,От 1 года до 3 лет,2025-04-24T14:09:28+0300,https://hh.ru/vacancy/119332755,0,2025-04-27T14:09:13
Data Scientist/ML Engineer,"Hi, Rockits!",,,,Удаленная работа,От 3 до 6 лет,2025-04-24T17:00:25+0300,https://hh.ru/vacancy/119927833,0,2025-04-27T14:09:13
Team Lead Data Scientist (Персонификация),билайн,,,,Удаленная работа,От 3 до 6 лет,2025-04-25T11:41:56+0300,https://hh.ru/vacancy/119583125,0,2025-04-27T14:09:13
Data Scientist (Корпоративные кредитные риски),Банк ВТБ (ПАО),,,,Полный день,От 1 года до 3 лет,2025-04-23T13:07:21+0300,https://hh.ru/vacancy/119856761,0,2025-04-27T14:09:13
Data Scientist (Анализ цены),Домклик,,,,Полный день,От 3 до 6 лет,2025-04-25T17:27:22+0300,https://hh.ru/vacancy/115718008,0,2025-04-27T14:09:13
Дата-сайентист (Data Scientist),Газпром нефть,,,,Удаленная работа,От 3 до 6 лет,2025-04-21T12:27:13+0300,https://hh.ru/vacancy/119764742,0,2025-04-27T14:09:13
Junior Data Scientist (A/B-testing),"Лента, федеральная розничная сеть",,,,Удаленная работа,От 1 года до 3 лет,2025-04-16T19:00:54+0300,https://hh.ru/vacancy/119609073,0,2025-04-27T14:09:13
Data Scientist (Прогнозирование спроса и ДЦО Ритейл),Сбер Бизнес Софт,,,,Полный день,От 1 года до 3 лет,2025-04-21T17:27:02+0300,https://hh.ru/vacancy/119785739,0,2025-04-27T14:09:13
Data Analyst/Data Scientist в команду Внепродуктовой аналитики,X5 Tech,,,,Полный день,От 3 до 6 лет,2025-04-26T15:58:54+0300,https://hh.ru/vacancy/118869999,0,2025-04-27T14:09:13
Senior Data Scientist (Recommender Systems),FunCorp,5000,6500,EUR,Удаленная работа,От 3 до 6 лет,2025-04-26T21:12:58+0300,https://hh.ru/vacancy/115557998,0,2025-04-27T14:09:13
"Data Scientist, Антибот",Ozon,,,,Удаленная работа,От 3 до 6 лет,2025-04-26T18:52:45+0300,https://hh.ru/vacancy/118876260,0,2025-04-27T14:09:13
Senior Data Scientist,Джи Эф Си,,,,Удаленная работа,От 3 до 6 лет,2025-04-21T09:58:57+0300,https://hh.ru/vacancy/119751375,0,2025-04-27T14:09:13
"Junior Data Scientist в команду ""Разработка AI-решений БСР""",СБЕР,,,,Удаленная работа,От 1 года до 3 лет,2025-04-16T20:02:26+0300,https://hh.ru/vacancy/119609635,0,2025-04-27T14:09:13
Data scientist,AMarkets,,,,Полный день,От 3 до 6 лет,2025-04-24T16:18:21+0300,https://hh.ru/vacancy/116376738,0,2025-04-27T14:09:13
Middle Data Scientist (команда Цифровой аватар),СБЕР,,,,Полный день,От 1 года до 3 лет,2025-04-22T17:39:00+0300,https://hh.ru/vacancy/119836997,0,2025-04-27T14:09:13
"Data Scientist (блок ""В2С"")",СБЕР,,,,Полный день,От 3 до 6 лет,2025-04-25T13:00:01+0300,https://hh.ru/vacancy/119957934,0,2025-04-27T14:09:13
Senior Data Scientist / Промо,"МАГНИТ, Розничная сеть",,,,Удаленная работа,От 3 до 6 лет,2025-04-24T15:11:56+0300,https://hh.ru/vacancy/118975551,0,2025-04-27T14:09:13
Стажер Data scientist (Проекты внедрения технологий ИИ),СБЕР,,,,Полный день,От 1 года до 3 лет,2025-04-18T09:18:00+0300,https://hh.ru/vacancy/119677838,0,2025-04-27T14:09:13
"Старший Data Scientist, Группа анализа и валидации экспериментов",Ozon,,,,Удаленная работа,От 3 до 6 лет,2025-04-24T11:43:21+0300,https://hh.ru/vacancy/119902261,0,2025-04-27T14:09:13
"Data Scientist - Специалист по анализу и моделированию данных (офис, Ташкент)",AVO.UZ,,,,Полный день,От 3 до 6 лет,2025-04-25T14:57:55+0300,https://hh.ru/vacancy/117151435,0,2025-04-27T14:09:13
Senior Data Scientist (Rec. system),Okko,,,,Полный день,От 3 до 6 лет,2025-04-25T14:03:14+0300,https://hh.ru/vacancy/119961214,0,2025-04-27T14:09:13
Старший аналитик (data analyst / data scientist)в управление планирования и прогнозирования,"Бристоль, сеть магазинов",,,,Полный день,От 3 до 6 лет,2025-04-26T10:17:42+0300,https://hh.ru/vacancy/118311569,0,2025-04-27T14:09:13
Senior Data Scientist (Recommendations),Lamoda Tech,,,,Полный день,От 3 до 6 лет,2025-04-26T22:03:17+0300,https://hh.ru/vacancy/118725307,0,2025-04-27T14:09:13
"Старший специалист МО (ML Engineer / Data Scientist, видеоаналитика, CV)",Инфосистемы Джет,,,,Полный день,От 3 до 6 лет,2025-04-25T13:18:54+0300,https://hh.ru/vacancy/119380703,0,2025-04-27T14:09:13
"Junior NLP, LLM Data Scientist (блок ""В2С"")",СБЕР,,,,Полный день,Нет опыта,2025-04-16T19:59:48+0300,https://hh.ru/vacancy/119609618,0,2025-04-27T14:09:13
"Middle +/ Senior Data Scientist (AdTech, предсказательные модели) (офис)",Hyper AdTech,200000,300000,RUR,Полный день,От 3 до 6 лет,2025-04-24T15:18:26+0300,https://hh.ru/vacancy/107531171,0,2025-04-27T14:09:13
Middle/Senior NLP Data Scientist (Global Markets),СБЕР,,,,Полный день,От 1 года до 3 лет,2025-04-23T16:54:00+0300,https://hh.ru/vacancy/119879373,0,2025-04-27T14:09:13
Senior Data Scientist (Поиск жизненных ситуаций),СБЕР,,,,Полный день,От 3 до 6 лет,2025-04-25T12:23:00+0300,https://hh.ru/vacancy/119956186,0,2025-04-27T14:09:13
Data Scientist,СБЕР,,,,Полный день,От 3 до 6 лет,2025-04-23T08:33:00+0300,https://hh.ru/vacancy/119847267,0,2025-04-27T14:09:13
Data Scientist в команду платформы A/B-тестирования,X5 Tech,,,,Полный день,От 3 до 6 лет,2025-04-24T14:16:32+0300,https://hh.ru/vacancy/118769156,0,2025-04-27T14:09:13
Data Scientist (Senior),Вкусно — и точка,,,,Полный день,От 3 до 6 лет,2025-04-24T13:00:43+0300,https://hh.ru/vacancy/118806349,0,2025-04-27T14:09:13
Data Scientist middle/senior,X5 Tech,,,,Удаленная работа,От 3 до 6 лет,2025-04-22T10:08:35+0300,https://hh.ru/vacancy/114564481,0,2025-04-27T14:09:13
Data Scientist (Продукты на данных.Модели),СБЕР,,,,Полный день,От 3 до 6 лет,2025-04-23T09:53:00+0300,https://hh.ru/vacancy/119852164,0,2025-04-27T14:09:13
Data Scientist,DDX Fitness,,,,Удаленная работа,От 1 года до 3 лет,2025-04-14T13:24:27+0300,https://hh.ru/vacancy/119496066,0,2025-04-27T14:09:13
Data Scientist в трейдинг,Changellenge,,,,Полный день,Нет опыта,2025-04-14T18:29:27+0300,https://hh.ru/vacancy/119514365,0,2025-04-27T14:09:13
"Senior Data Scientist (NLP, LLM, VLM), Модели матчинга",Ozon,,,,Удаленная работа,От 3 до 6 лет,2025-04-24T10:20:19+0300,https://hh.ru/vacancy/113763738,0,2025-04-27T14:09:13
"Data Scientist, Платформа чат-ботов",Ozon,,,,Полный день,От 3 до 6 лет,2025-04-19T22:48:51+0300,https://hh.ru/vacancy/119723509,1,2025-04-27T14:09:16
Junior ML Engineer / Data scientist (Младший специалист МО),Инфосистемы Джет,,,,Удаленная работа,От 1 года до 3 лет,2025-04-10T11:55:31+0300,https://hh.ru/vacancy/119382231,1,2025-04-27T14:09:16
Middle/Senior Data Scientist (команда ИИ и аналитика),СБЕР,,,,Полный день,От 3 до 6 лет,2025-04-21T09:02:00+0300,https://hh.ru/vacancy/119745665,1,2025-04-27T14:09:16
Data Scientist (NLP),"Алабуга, ОЭЗ ППТ",277500,,RUR,Полный день,Нет опыта,2025-04-18T09:34:46+0300,https://hh.ru/vacancy/119678701,1,2025-04-27T14:09:16
Middle/Senior Data Scientist в Dynamic Pricing Platform (Big Data),МТС,,,,Полный день,От 3 до 6 лет,2025-04-21T19:52:59+0300,https://hh.ru/vacancy/119788935,1,2025-04-27T14:09:16
Старший Data Scientist в команду поискового ранжирования,АВИТО ТЕХ,,,,Полный день,От 1 года до 3 лет,2025-04-20T17:26:33+0300,https://hh.ru/vacancy/119729978,1,2025-04-27T14:09:16
Data Scientist,Банк ПСБ,,,,Полный день,От 1 года до 3 лет,2025-04-18T15:25:32+0300,https://hh.ru/vacancy/118716079,1,2025-04-27T14:09:16
Senior Data Scientist в команду LLM-разметки в AI VK,VK,,,,Удаленная работа,От 3 до 6 лет,2025-04-22T15:06:37+0300,https://hh.ru/vacancy/116084385,1,2025-04-27T14:09:16
Senior Data Scientist (LLM),Diamond Personnel R&C,350000,450000,RUR,Удаленная работа,От 3 до 6 лет,2025-04-21T09:21:11+0300,https://hh.ru/vacancy/118364002,1,2025-04-27T14:09:16
"Data Scientist, Понимание запроса",Ozon,,,,Полный день,От 3 до 6 лет,2025-04-22T10:48:54+0300,https://hh.ru/vacancy/116069159,1,2025-04-27T14:09:16
Middle/Senior Data Scientist в команду NLP Search,2ГИС,,,,Удаленная работа,От 3 до 6 лет,2025-04-22T08:21:02+0300,https://hh.ru/vacancy/118128420,1,2025-04-27T14:09:16
Data Scientist/ML Engineer,X5 Digital,,,,Полный день,От 3 до 6 лет,2025-04-20T16:13:31+0300,https://hh.ru/vacancy/117487440,1,2025-04-27T14:09:16
Data Scientist (риск-моделирование),Центральный банк Российской Федерации (Банк России),,,,Полный день,От 1 года до 3 лет,2025-04-18T16:53:37+0300,https://hh.ru/vacancy/119706210,1,2025-04-27T14:09:16
Data scientist (LLM в корпоративном кредитовании),СБЕР,,,,Полный день,От 1 года до 3 лет,2025-04-21T18:30:00+0300,https://hh.ru/vacancy/118753687,1,2025-04-27T14:09:16
"Junior Data Scientist (NLP, LLM)",СБЕР,,,,Полный день,От 1 года до 3 лет,2025-04-10T19:21:01+0300,https://hh.ru/vacancy/119404172,1,2025-04-27T14:09:16
Junior HFT Quant Trader / Data Scientist Orion Systematic,НОВОТЕХ,200000,300000,RUR,Полный день,От 1 года до 3 лет,2025-04-09T14:45:39+0300,https://hh.ru/vacancy/119335326,1,2025-04-27T14:09:16
Senior Data scientist,Ингосстрах Банк,,,,Полный день,От 3 до 6 лет,2025-04-20T15:17:24+0300,https://hh.ru/vacancy/118655820,1,2025-04-27T14:09:16
Senior Data Scientist (команда ИИ и аналитика),СБЕР,,,,Полный день,От 3 до 6 лет,2025-04-21T09:01:00+0300,https://hh.ru/vacancy/119745599,1,2025-04-27T14:09:16
Senior Data Scientist,ГК Орбита,,320000,RUR,Удаленная работа,От 3 до 6 лет,2025-04-18T14:25:46+0300,https://hh.ru/vacancy/119696589,1,2025-04-27T14:09:16
Data Scientist,СБЕР,,,,Полный день,От 1 года до 3 лет,2025-04-18T09:50:00+0300,https://hh.ru/vacancy/119679548,1,2025-04-27T14:09:16
Senior Data Scientist (Search & Recommendation),Циан,,,,Удаленная работа,От 3 до 6 лет,2025-04-21T16:19:11+0300,https://hh.ru/vacancy/117704951,1,2025-04-27T14:09:16
ML Engineer/Data Scientist,Oil and Gas Production Tools,,,,Удаленная работа,От 1 года до 3 лет,2025-04-10T14:57:41+0300,https://hh.ru/vacancy/119393658,1,2025-04-27T14:09:16
Data Scientist Senior,Outlines Technologies,,,,Удаленная работа,От 3 до 6 лет,2025-04-18T17:57:33+0300,https://hh.ru/vacancy/119708387,1,2025-04-27T14:09:16
Data Scientist Audio (RnD),СБЕР,,,,Полный день,Более 6 лет,2025-04-21T15:00:00+0300,https://hh.ru/vacancy/119775878,1,2025-04-27T14:09:16
"Старший Data Scientist, Рекомендации и персонализация",Ozon,,,,Удаленная работа,От 3 до 6 лет,2025-04-20T16:33:06+0300,https://hh.ru/vacancy/118659937,1,2025-04-27T14:09:16
Middle/Senior Data Scientist в области рекомендательных систем,СБЕР,,,,Полный день,От 3 до 6 лет,2025-04-21T19:21:00+0300,https://hh.ru/vacancy/118702290,1,2025-04-27T14:09:16
Senior Data Scientist/Data Analyst на продукт Ценообразование,X5 Tech,,,,Полный день,Более 6 лет,2025-04-21T06:53:58+0300,https://hh.ru/vacancy/119739188,1,2025-04-27T14:09:16
Data Scientist,Московский Кредитный Банк,,,,Полный день,От 3 до 6 лет,2025-04-17T15:36:03+0300,https://hh.ru/vacancy/119648609,1,2025-04-27T14:09:16
"Data Scientist (NLP, ИИ-агенты) в блок ""Стратегия и Развитие"")",СБЕР,,,,Полный день,От 1 года до 3 лет,2025-04-16T20:05:02+0300,https://hh.ru/vacancy/119609657,1,2025-04-27T14:09:16
Senior Data Scientist в Товарные рекомендации,WILDBERRIES,,,,Удаленная работа,От 3 до 6 лет,2025-04-16T13:41:37+0300,https://hh.ru/vacancy/118917456,1,2025-04-27T14:09:16
"Middle Data Scientist в команду ""Разработка AI-решений БСР""",СБЕР,,,,Удаленная работа,От 1 года до 3 лет,2025-04-16T20:03:40+0300,https://hh.ru/vacancy/119609644,1,2025-04-27T14:09:16
Middle/Senior Data Scientist,WILDBERRIES,,,,Удаленная работа,От 3 до 6 лет,2025-04-16T13:41:47+0300,https://hh.ru/vacancy/118643621,1,2025-04-27T14:09:16
Исследователь/Research Scientist,Криптонит,,,,Полный день,От 1 года до 3 лет,2025-04-17T11:21:34+0300,https://hh.ru/vacancy/117408891,1,2025-04-27T14:09:16
Data Scientist,ИЦ АЙ-ТЕКО,,,,Полный день,От 1 года до 3 лет,2025-04-15T13:53:14+0300,https://hh.ru/vacancy/119547127,1,2025-04-27T14:09:16
Data Scientist (Middle),Лаборатория Касперского,,,,Полный день,От 3 до 6 лет,2025-04-17T15:17:52+0300,https://hh.ru/vacancy/119647385,1,2025-04-27T14:09:16
"Data Scientist, Anti-Fraud, Ozon Bank",Ozon,,,,Полный день,От 1 года до 3 лет,2025-04-14T18:17:28+0300,https://hh.ru/vacancy/117537901,1,2025-04-27T14:09:16
Data Scientist (Кипр),Топассистент,4000,,EUR,Полный день,От 1 года до 3 лет,2025-04-11T12:20:29+0300,https://hh.ru/vacancy/119427193,1,2025-04-27T14:09:16
Data Scientist (Recsys),Московская Биржа,,,,Удаленная работа,От 3 до 6 лет,2025-04-16T15:31:27+0300,https://hh.ru/vacancy/118457659,1,2025-04-27T14:09:16
"Преподаватель направления ""Data Scientist""",РБК,,,,Удаленная работа,От 1 года до 3 лет,2025-04-18T12:48:17+0300,https://hh.ru/vacancy/119691034,1,2025-04-27T14:09:16
Data Scientist,Сбер Бизнес Софт,,,,Полный день,От 1 года до 3 лет,2025-04-14T18:55:46+0300,https://hh.ru/vacancy/119514819,1,2025-04-27T14:09:16
Data Scientist в VK Predict,VK,,,,Полный день,Более 6 лет,2025-04-17T17:23:23+0300,https://hh.ru/vacancy/119650261,1,2025-04-27T14:09:16
Data Scientist (SaluteSpeech),СБЕР,,,,Полный день,От 3 до 6 лет,2025-04-17T11:35:34+0300,https://hh.ru/vacancy/119634268,1,2025-04-27T14:09:16
Senior Data Scientist в команду аналитики профилей в AI VK,VK,,,,Полный день,От 1 года до 3 лет,2025-04-18T15:06:42+0300,https://hh.ru/vacancy/119690813,1,2025-04-27T14:09:16
Data Scientist,Московский Кредитный Банк,,,,Полный день,От 1 года до 3 лет,2025-04-10T14:14:48+0300,https://hh.ru/vacancy/119391189,1,2025-04-27T14:09:16
Middle Data Scientist (команда Лояльность),СБЕР,,,,Полный день,От 1 года до 3 лет,2025-04-16T14:15:05+0300,https://hh.ru/vacancy/119593397,1,2025-04-27T14:09:16
Data scientist (риск-моделирование),Recruitment Boutique S.M.Art,,,,Полный день,От 3 до 6 лет,2025-04-17T14:06:48+0300,https://hh.ru/vacancy/118622585,1,2025-04-27T14:09:16
Data Scientist (Ranking&Search),Lamoda Tech,,,,Полный день,От 3 до 6 лет,2025-04-18T10:51:33+0300,https://hh.ru/vacancy/119683696,1,2025-04-27T14:09:16
Middle/Senior Data Scientist в команду ETA/RTA,2ГИС,,,,Удаленная работа,От 3 до 6 лет,2025-04-16T07:24:35+0300,https://hh.ru/vacancy/118298668,1,2025-04-27T14:09:16
Data Scientist / ML,ИЦ АЙ-ТЕКО,,,,Удаленная работа,От 3 до 6 лет,2025-04-14T14:16:48+0300,https://hh.ru/vacancy/119499915,1,2025-04-27T14:09:16
Middle Data scientist (лидогенерация),МегаФон,,,,Удаленная работа,От 1 года до 3 лет,2025-04-09T12:50:00+0300,https://hh.ru/vacancy/119327538,1,2025-04-27T14:09:16
Senior Data Scientist (СберТаргет),СБЕР,,,,Полный день,От 1 года до 3 лет,2025-04-15T16:19:00+0300,https://hh.ru/vacancy/119556259,2,2025-04-27T14:09:18
Data Scientist (Центр операционной зрелости),СБЕР,,,,Полный день,От 1 года до 3 лет,2025-04-07T10:53:33+0300,https://hh.ru/vacancy/119219398,2,2025-04-27T14:09:18
Data Scientist (Ml Платформа),X5 Digital,,,,Полный день,От 3 до 6 лет,2025-04-16T10:39:44+0300,https://hh.ru/vacancy/119578529,2,2025-04-27T14:09:18
Data scientist (команды CRM и модели оптимизации),Банк ВТБ (ПАО),,,,Полный день,От 1 года до 3 лет,2025-04-11T14:26:55+0300,https://hh.ru/vacancy/119335005,2,2025-04-27T14:09:18
Middle/Senior Data Scientist (ЦКР),СБЕР,,,,Полный день,От 1 года до 3 лет,2025-04-14T09:48:00+0300,https://hh.ru/vacancy/119477167,2,2025-04-27T14:09:18
"Senior Data Scientist (блок ""Сеть Продаж"")",СБЕР,,,,Полный день,От 1 года до 3 лет,2025-04-16T20:26:10+0300,https://hh.ru/vacancy/119609955,2,2025-04-27T14:09:18
Senior/Lead Data Scientist (LLM),Московская Биржа,,,,Удаленная работа,От 3 до 6 лет,2025-04-17T11:29:50+0300,https://hh.ru/vacancy/118494446,2,2025-04-27T14:09:18
Middle Data Scientist (SberUser),СБЕР,,,,Полный день,От 1 года до 3 лет,2025-04-14T16:13:00+0300,https://hh.ru/vacancy/119507848,2,2025-04-27T14:09:18
Data scientist,IT-Implant,150000,,RUR,Удаленная работа,От 3 до 6 лет,2025-04-08T09:39:19+0300,https://hh.ru/vacancy/119266909,2,2025-04-27T14:09:18
Data Scientist (OCR),Центр Методического Обеспечения Оптимизации Процессов Государственного Управления в Московской области,,,,Удаленная работа,От 1 года до 3 лет,2025-04-01T13:03:23+0300,https://hh.ru/vacancy/115910389,2,2025-04-27T14:09:18
Data scientist (Центр модельных рисков розничного бизнеса),СБЕР,,,,Полный день,От 1 года до 3 лет,2025-04-15T15:58:00+0300,https://hh.ru/vacancy/119554870,2,2025-04-27T14:09:18
Lead Data Scientist (Биллинг),СБЕР,,,,Полный день,От 3 до 6 лет,2025-04-15T11:06:00+0300,https://hh.ru/vacancy/119535492,2,2025-04-27T14:09:18
Middle Data Scientist (Core),МегаФон,,,,Удаленная работа,От 1 года до 3 лет,2025-04-09T16:49:53+0300,https://hh.ru/vacancy/119343771,2,2025-04-27T14:09:18
Senior Data Scientist/ML Engineer (команда SmartSearch),СБЕР,,,,Полный день,От 3 до 6 лет,2025-04-15T13:19:42+0300,https://hh.ru/vacancy/116788944,2,2025-04-27T14:09:18
Data analyst/data scientist на продукт HR MAX,X5 Tech,,,,Полный день,От 3 до 6 лет,2025-04-14T09:29:43+0300,https://hh.ru/vacancy/115480005,2,2025-04-27T14:09:18
Data Scientist (риски),Ингосстрах,,,,Полный день,От 3 до 6 лет,2025-04-14T10:06:03+0300,https://hh.ru/vacancy/118509662,2,2025-04-27T14:09:18
Data scientist,ИЦ АЙ-ТЕКО,,,,Полный день,От 3 до 6 лет,2025-04-11T15:51:15+0300,https://hh.ru/vacancy/119439764,2,2025-04-27T14:09:18
Аналитик-разработчик (Data Scientist) в службу аналитики роста рекламы,Яндекс,,,,Полный день,От 3 до 6 лет,2025-04-14T13:56:10+0300,https://hh.ru/vacancy/119498286,2,2025-04-27T14:09:18
Data Scientist / ML - инженер,ИЦ АЙ-ТЕКО,,,,Полный день,От 3 до 6 лет,2025-04-14T09:59:07+0300,https://hh.ru/vacancy/119478281,2,2025-04-27T14:09:18
Data Scientist Team Lead,Рекрутинговое агентство The One,,,,Удаленная работа,Более 6 лет,2025-04-09T08:26:19+0300,https://hh.ru/vacancy/119309085,2,2025-04-27T14:09:18
Data Scientist / ML - инженер,ИЦ АЙ-ТЕКО,,,,Полный день,От 3 до 6 лет,2025-04-14T10:10:12+0300,https://hh.ru/vacancy/119479295,2,2025-04-27T14:09:18
"Data Scientist/Разработчик машинного обучения (ML, NLP, LLM) Middle",B2B-Center,,,,Удаленная работа,От 1 года до 3 лет,2025-04-08T15:07:39+0300,https://hh.ru/vacancy/117371174,2,2025-04-27T14:09:18
Аналитик данных (Data scientist/дата-инженер),РТ-Информационная безопасность,,,,Полный день,От 1 года до 3 лет,2025-04-09T10:45:31+0300,https://hh.ru/vacancy/119318572,2,2025-04-27T14:09:18
Data Scientist,ВсеИнструменты.ру,200000,,RUR,Полный день,От 3 до 6 лет,2025-04-09T11:15:32+0300,https://hh.ru/vacancy/119321091,2,2025-04-27T14:09:18
Data Scientist (аналитик-разработчик) в модерацию рекламы,Яндекс,,,,Полный день,От 3 до 6 лет,2025-04-16T14:34:55+0300,https://hh.ru/vacancy/118191844,2,2025-04-27T14:09:18
"Старший Data Scientist, Эффективность рекламы",Ozon,,,,Полный день,От 3 до 6 лет,2025-04-14T11:09:11+0300,https://hh.ru/vacancy/115496430,2,2025-04-27T14:09:18
Data Scientist (Глобальные рынки),СБЕР,,,,Полный день,От 1 года до 3 лет,2025-04-07T14:43:00+0300,https://hh.ru/vacancy/119238260,2,2025-04-27T14:09:18
Senior/Lead Data Scientist (LLM),Diamond Personnel R&C,,,,Полный день,Более 6 лет,2025-04-15T12:39:35+0300,https://hh.ru/vacancy/119542285,2,2025-04-27T14:09:18
Data Scientist (GenAI),Компания БКС,,,,Удаленная работа,От 3 до 6 лет,2025-04-09T10:18:40+0300,https://hh.ru/vacancy/118309827,2,2025-04-27T14:09:18
Senior Data scientist / Старший эконометрист,Okkam,,,,Удаленная работа,От 1 года до 3 лет,2025-04-10T21:15:50+0300,https://hh.ru/vacancy/118861051,2,2025-04-27T14:09:18
Data Scientist (Classic ML/NLP),Компания БКС,,,,Удаленная работа,От 3 до 6 лет,2025-04-09T10:18:40+0300,https://hh.ru/vacancy/118310517,2,2025-04-27T14:09:18
Data Scientist / ML Engineer,ИЦ АЙ-ТЕКО,,,,Полный день,От 3 до 6 лет,2025-04-11T23:18:53+0300,https://hh.ru/vacancy/119447859,2,2025-04-27T14:09:18
Data scientist (Управление рисками корпоративных клиентов),СБЕР,,,,Полный день,От 1 года до 3 лет,2025-04-10T13:23:00+0300,https://hh.ru/vacancy/119387898,2,2025-04-27T14:09:18
Middle Data Scientist (кредитно-платежные продукты),МегаФон,,,,Удаленная работа,От 1 года до 3 лет,2025-04-08T21:53:16+0300,https://hh.ru/vacancy/119303534,2,2025-04-27T14:09:18
"Старший Data Scientist, Рекламный аукцион и управление ставками",Ozon,,,,Удаленная работа,От 3 до 6 лет,2025-04-13T12:07:38+0300,https://hh.ru/vacancy/115397207,2,2025-04-27T14:09:18
Senior Data Scientist/ML Engineer (команда SmartSearch),СБЕР,,,,Полный день,От 3 до 6 лет,2025-04-14T14:26:00+0300,https://hh.ru/vacancy/119500510,2,2025-04-27T14:09:18
Data Scientist (RecSys),KAMAZ DIGITAL,,,,Полный день,От 3 до 6 лет,2025-04-11T19:00:57+0300,https://hh.ru/vacancy/118469036,2,2025-04-27T14:09:18
Data Scientist (Pricing),Lamoda Tech,,,,Полный день,От 1 года до 3 лет,2025-04-09T12:13:12+0300,https://hh.ru/vacancy/118125206,2,2025-04-27T14:09:18
Data Scientist,Банки.ру,,,,Удаленная работа,От 3 до 6 лет,2025-04-01T15:39:13+0300,https://hh.ru/vacancy/119033176,2,2025-04-27T14:09:18
Team Lead Data Scientist,СБЕР,,,,Полный день,Более 6 лет,2025-04-14T11:47:00+0300,https://hh.ru/vacancy/119488244,2,2025-04-27T14:09:18
Data Scientist (Малый и Микро Бизнес),СБЕР,,,,Полный день,От 1 года до 3 лет,2025-04-02T17:19:00+0300,https://hh.ru/vacancy/119086967,2,2025-04-27T14:09:18
Data Scientist / Machine Learning Engineer middle,Центр Методического Обеспечения Оптимизации Процессов Государственного Управления в Московской области,,,,Удаленная работа,От 1 года до 3 лет,2025-04-01T13:03:18+0300,https://hh.ru/vacancy/105460142,2,2025-04-27T14:09:18
Data Scientist (Специалист по языковым моделям),СберМобайл,,,,Полный день,От 3 до 6 лет,2025-04-09T17:09:55+0300,https://hh.ru/vacancy/119346670,2,2025-04-27T14:09:18
Data Scientist в команду персонализации,Газпромбанк,,,,Полный день,От 1 года до 3 лет,2025-03-28T18:02:37+0300,https://hh.ru/vacancy/112316977,2,2025-04-27T14:09:18
Data scientist (Middle/Middle+),РСХБ-Интех,,,,Полный день,От 3 до 6 лет,2025-04-07T09:22:25+0300,https://hh.ru/vacancy/119211344,2,2025-04-27T14:09:18
"Старший Data Scientist, Ранжирование",Ozon,,,,Удаленная работа,От 3 до 6 лет,2025-04-10T13:51:18+0300,https://hh.ru/vacancy/98275778,2,2025-04-27T14:09:18
Data Scientist middle,Бюро кредитных историй Скоринг Бюро,,,,Полный день,От 3 до 6 лет,2025-04-09T17:19:11+0300,https://hh.ru/vacancy/119348158,2,2025-04-27T14:09:18
Data Scientist / ML - инженер,ИЦ АЙ-ТЕКО,,,,Полный день,От 3 до 6 лет,2025-04-11T16:06:13+0300,https://hh.ru/vacancy/119440510,2,2025-04-27T14:09:18
ML Engineer/Data Scientist платформа КД Макс (Ценообразование и Управление выгодой),X5 Tech,,,,Полный день,От 3 до 6 лет,2025-04-10T15:58:21+0300,https://hh.ru/vacancy/119397195,2,2025-04-27T14:09:18
Data Scientist NLP (портал gosuslugi.ru),РТЛабс,,,,Полный день,От 3 до 6 лет,2025-04-09T15:38:02+0300,https://hh.ru/vacancy/115401050,2,2025-04-27T14:09:18
Senior Data Scientist,МегаФон,,,,Удаленная работа,От 3 до 6 лет,2025-04-07T16:44:41+0300,https://hh.ru/vacancy/119246695,3,2025-04-27T14:09:20
Data Scientist/ ML Engineer на Интеллектуальную платформу коммуникации,X5 Tech,,,,Полный день,От 3 до 6 лет,2025-04-12T08:43:30+0300,https://hh.ru/vacancy/118276459,3,2025-04-27T14:09:20
Data Scientist (Гео и Графы),СБЕР,,,,Полный день,От 3 до 6 лет,2025-04-07T13:23:00+0300,https://hh.ru/vacancy/119232367,3,2025-04-27T14:09:20
Data Scientist в команду RecSys (middle),Литрес,,,,Удаленная работа,От 1 года до 3 лет,2025-04-01T10:31:59+0300,https://hh.ru/vacancy/118008212,3,2025-04-27T14:09:20
Data Scientist (LLM),МегаФон,,,,Удаленная работа,От 3 до 6 лет,2025-04-03T16:29:18+0300,https://hh.ru/vacancy/119130980,3,2025-04-27T14:09:20
Data Scientist,СБЕР,,,,Полный день,От 3 до 6 лет,2025-04-07T18:38:00+0300,https://hh.ru/vacancy/108137544,3,2025-04-27T14:09:20
Data Scientist,СБЕР,,,,Полный день,От 3 до 6 лет,2025-04-03T14:51:01+0300,https://hh.ru/vacancy/119124696,3,2025-04-27T14:09:20
"Старший Data Scientist, Факторы ранжирования",Ozon,,,,Полный день,От 3 до 6 лет,2025-04-09T13:24:39+0300,https://hh.ru/vacancy/112852766,3,2025-04-27T14:09:20
Data Scientist в команду рисков,Газпромбанк,,,,Удаленная работа,От 3 до 6 лет,2025-03-28T17:39:33+0300,https://hh.ru/vacancy/118914978,3,2025-04-27T14:09:20
Data Scientist/ML Engineer (NLP),X5 Digital,,,,Удаленная работа,От 3 до 6 лет,2025-04-01T16:46:16+0300,https://hh.ru/vacancy/117524001,3,2025-04-27T14:09:20
Data Scientist,IEK GROUP,,,,Удаленная работа,От 3 до 6 лет,2025-04-04T17:03:21+0300,https://hh.ru/vacancy/118344620,3,2025-04-27T14:09:20
Data Scientist NLP (senior),СБЕР,,,,Полный день,От 3 до 6 лет,2025-04-07T18:37:00+0300,https://hh.ru/vacancy/115553042,3,2025-04-27T14:09:20
Senior Data Scientist (CV),Страховая компания Сбербанк страхование,,,,Полный день,От 3 до 6 лет,2025-04-08T18:36:05+0300,https://hh.ru/vacancy/118431799,3,2025-04-27T14:09:20
ML Data Scientist (Senior),"РУСАЛ, Центр подбора персонала",,,,Полный день,От 3 до 6 лет,2025-04-07T12:05:45+0300,https://hh.ru/vacancy/119225700,3,2025-04-27T14:09:20
Lead Data Scientist,ЭР-Телеком,,,,Полный день,От 3 до 6 лет,2025-04-03T14:13:46+0300,https://hh.ru/vacancy/118001535,3,2025-04-27T14:09:20
Team Lead Data Scientist,СБЕР,,,,Полный день,От 3 до 6 лет,2025-04-08T13:31:00+0300,https://hh.ru/vacancy/119284524,3,2025-04-27T14:09:20
"NLP, LLM Data Scientist (блок ""Стратегия и развитие"")",СБЕР,,,,Полный день,От 1 года до 3 лет,2025-03-31T22:04:41+0300,https://hh.ru/vacancy/118992608,3,2025-04-27T14:09:20
Senior Marketing Analyst / Data Scientist,Издаем Игры,,,,Удаленная работа,От 3 до 6 лет,2025-03-28T17:49:23+0300,https://hh.ru/vacancy/118915269,3,2025-04-27T14:09:20
Middle/Senior Data Scientist / ML Engineer в команду Прогноза промо-продаж,X5 Tech,,,,Полный день,От 3 до 6 лет,2025-04-07T15:47:43+0300,https://hh.ru/vacancy/109711513,3,2025-04-27T14:09:20
Data Scientist (NLP),Ингосстрах,,,,Удаленная работа,От 3 до 6 лет,2025-04-03T12:06:39+0300,https://hh.ru/vacancy/118084439,3,2025-04-27T14:09:20
Data Scientist LLM (Global markets),СБЕР,,,,Полный день,От 3 до 6 лет,2025-04-03T17:24:00+0300,https://hh.ru/vacancy/119133450,3,2025-04-27T14:09:20
Data Scientist,СБЕР,,,,Полный день,От 3 до 6 лет,2025-03-31T19:17:00+0300,https://hh.ru/vacancy/118991461,3,2025-04-27T14:09:20
Data Scientist в антифрод Рекламы,Яндекс,,,,Полный день,От 3 до 6 лет,2025-03-31T15:43:26+0300,https://hh.ru/vacancy/118982720,3,2025-04-27T14:09:20
Senior Data Scientist (RL),Ecom.tech,,,,Удаленная работа,От 3 до 6 лет,2025-04-01T17:04:13+0300,https://hh.ru/vacancy/119038333,3,2025-04-27T14:09:20
"Старший Data Scientist, Отбор кандидатов",Ozon,,,,Удаленная работа,От 3 до 6 лет,2025-04-01T18:03:37+0300,https://hh.ru/vacancy/119040840,3,2025-04-27T14:09:20
Data Scientist CV,СБЕР,,,,Полный день,Более 6 лет,2025-04-03T15:55:00+0300,https://hh.ru/vacancy/119128854,3,2025-04-27T14:09:20
"NLP Engineer / NLP Data Scientist (LLM, GigaChat)",СБЕР,,,,Полный день,От 1 года до 3 лет,2025-04-01T12:54:40+0300,https://hh.ru/vacancy/119021791,3,2025-04-27T14:09:20
Data scientist (Senior),СБЕР,,,,Полный день,От 3 до 6 лет,2025-04-01T12:57:18+0300,https://hh.ru/vacancy/119021975,3,2025-04-27T14:09:20
Data Scientist CV,СБЕР,,,,Полный день,Более 6 лет,2025-04-01T14:28:00+0300,https://hh.ru/vacancy/119028264,3,2025-04-27T14:09:20
"Старший Data Scientist, Построение запросов",Ozon,,,,Удаленная работа,От 3 до 6 лет,2025-03-28T18:20:15+0300,https://hh.ru/vacancy/118916097,3,2025-04-27T14:09:20
Lead Data Scientist,Эр-1,,,,Полный день,От 3 до 6 лет,2025-04-01T15:36:50+0300,https://hh.ru/vacancy/117912295,3,2025-04-27T14:09:20
Senior Data Scientist NLP,Navio (ООО Автотех),,,,Полный день,От 3 до 6 лет,2025-04-02T17:43:33+0300,https://hh.ru/vacancy/115937465,3,2025-04-27T14:09:20
Senior Data Scientist,СК Сбербанк страхование жизни,,,,Полный день,От 3 до 6 лет,2025-04-01T13:21:22+0300,https://hh.ru/vacancy/118155129,3,2025-04-27T14:09:20
Senior Data Scientist (Цифровой двойник КИБ),СБЕР,,,,Полный день,От 3 до 6 лет,2025-03-28T17:26:00+0300,https://hh.ru/vacancy/116768763,3,2025-04-27T14:09:20
Senior Data Scientist (Computer Vision в RnD),СБЕР,,,,Полный день,Более 6 лет,2025-03-31T09:22:01+0300,https://hh.ru/vacancy/118954016,3,2025-04-27T14:09:20
Data Scientist (Advertising Platform),Lamoda Tech,,,,Полный день,От 3 до 6 лет,2025-03-28T16:54:08+0300,https://hh.ru/vacancy/118913310,3,2025-04-27T14:09:20
Senior ML Engineer / Data scientist (Ведущий ML-инженер),Инфосистемы Джет,,,,Удаленная работа,От 3 до 6 лет,2025-04-25T13:18:55+0300,https://hh.ru/vacancy/119377776,3,2025-04-27T14:09:20
Data analyst / Аналитик данных,ЕВРОПЕЙСКИЙ МЕДИЦИНСКИЙ ЦЕНТР,,,,Полный день,От 1 года до 3 лет,2025-04-27T13:28:28+0300,https://hh.ru/vacancy/118901808,3,2025-04-27T14:09:20
Middle/Senior Data Scientist (Reinforcement Learning в играх),Бизнес Успех,,,,Удаленная работа,От 3 до 6 лет,2025-04-22T13:43:08+0300,https://hh.ru/vacancy/118198264,3,2025-04-27T14:09:20
"Senior Data Scientist в команду ""Разработка AI-решений БСР""",СБЕР,,,,Удаленная работа,От 3 до 6 лет,2025-04-16T20:01:03+0300,https://hh.ru/vacancy/119609626,3,2025-04-27T14:09:20
Data Scientist NLP (Центр модельных рисков розничного бизнеса),СБЕР,,,,Полный день,От 1 года до 3 лет,2025-04-15T15:47:00+0300,https://hh.ru/vacancy/119554268,3,2025-04-27T14:09:20
Senior/Team Lead Data Scientist,РТ-Информационная безопасность,,,,Полный день,От 3 до 6 лет,2025-04-14T14:04:58+0300,https://hh.ru/vacancy/119498854,3,2025-04-27T14:09:20
Руководитель отдела рисков Senior Data scientist,МКК Займ-Экспресс,,,,Полный день,От 3 до 6 лет,2025-04-10T11:45:30+0300,https://hh.ru/vacancy/118344285,3,2025-04-27T14:09:20
Senior Data Scientist (NLP ML Autotasking),АВИТО ТЕХ,,,,Удаленная работа,От 3 до 6 лет,2025-04-08T11:53:58+0300,https://hh.ru/vacancy/119277888,3,2025-04-27T14:09:20
ML engineer,СберПраво,,,,Полный день,От 3 до 6 лет,2025-04-09T13:53:56+0300,https://hh.ru/vacancy/117349363,3,2025-04-27T14:09:20
Руководитель Центра знаний (Team Lead Data Scientist),Компания БКС,,,,Полный день,Более 6 лет,2025-04-07T10:21:28+0300,https://hh.ru/vacancy/118618735,3,2025-04-27T14:09:20
Team Lead Data Scientist (Залоговая экспертиза),СБЕР,,,,Полный день,От 3 до 6 лет,2025-04-02T13:09:00+0300,https://hh.ru/vacancy/119071282,3,2025-04-27T14:09:20
Senior Data Scientist NLP | RND TeamLead в LegaTech,СБЕР,,,,Полный день,От 3 до 6 лет,2025-04-01T11:45:04+0300,https://hh.ru/vacancy/119016518,3,2025-04-27T14:09:20
Senior Data Scientist NLP в команду клиентского сервиса,Газпромбанк,,,,Полный день,От 3 до 6 лет,2025-03-28T17:39:53+0300,https://hh.ru/vacancy/118914987,3,2025-04-27T14:09:20
Data scientist ML,Ростелеком,,,,Удаленная работа,От 1 года до 3 лет,2025-04-24T13:25:51+0300,https://hh.ru/vacancy/119908809,3,2025-04-27T14:09:20
Data Scientist / Machine Learning Engineer / Аналитик данных,Транснефть-Технологии,,,,Полный день,От 1 года до 3 лет,2025-04-24T17:08:02+0300,https://hh.ru/vacancy/119928224,4,2025-04-27T14:09:22
Data Scientist (Middle+/Senior),СберМедИИ,,,,Удаленная работа,От 3 до 6 лет,2025-04-26T09:58:23+0300,https://hh.ru/vacancy/119624423,4,2025-04-27T14:09:22
Senior Data Scientist,Pre-Interviews,4000,,USD,Удаленная работа,От 3 до 6 лет,2025-04-26T16:45:29+0300,https://hh.ru/vacancy/119509944,4,2025-04-27T14:09:22
ML разработчик/Data scientist,Аналитический центр при Правительстве Российской Федерации,,,,Полный день,От 1 года до 3 лет,2025-04-18T20:22:11+0300,https://hh.ru/vacancy/119710027,4,2025-04-27T14:09:22
ML/Data Scientist (Junior+/Middle),Ростелеком - Центры обработки данных,,,,Полный день,От 1 года до 3 лет,2025-04-18T12:29:19+0300,https://hh.ru/vacancy/118572829,4,2025-04-27T14:09:22
Junior Data Scientist,Центральный банк Российской Федерации (Банк России),,,,Полный день,Нет опыта,2025-04-17T11:53:37+0300,https://hh.ru/vacancy/119635537,4,2025-04-27T14:09:22
Data Scientist,YADRO,,,,Удаленная работа,От 3 до 6 лет,2025-04-20T15:11:18+0300,https://hh.ru/vacancy/117483603,4,2025-04-27T14:09:22
Middle Data Scientist (Прогноз заказов и оптимизация),"Лента, федеральная розничная сеть",,,,Удаленная работа,От 1 года до 3 лет,2025-04-18T16:41:07+0300,https://hh.ru/vacancy/119705577,4,2025-04-27T14:09:22
Data Scientist,Data-Driven Lab,,,,Удаленная работа,От 1 года до 3 лет,2025-04-14T17:01:46+0300,https://hh.ru/vacancy/117232071,4,2025-04-27T14:09:22
"Data Scientist, Оптимизация коммуникаций",Ozon,,,,Удаленная работа,От 1 года до 3 лет,2025-04-13T12:18:13+0300,https://hh.ru/vacancy/115399559,4,2025-04-27T14:09:22
"Data Scientist (NLP), middle",Литрес,,,,Удаленная работа,От 1 года до 3 лет,2025-04-11T14:01:57+0300,https://hh.ru/vacancy/119432863,4,2025-04-27T14:09:22
Middle Data Scientist,Комус,,,,Удаленная работа,От 1 года до 3 лет,2025-04-07T10:44:09+0300,https://hh.ru/vacancy/119216199,4,2025-04-27T14:09:22
Data Analyst,Data-Driven Lab,,,,Удаленная работа,От 3 до 6 лет,2025-04-14T17:04:40+0300,https://hh.ru/vacancy/117232191,4,2025-04-27T14:09:22
Data Scientist (Риск-моделирование),Octasoft,,,,Удаленная работа,От 3 до 6 лет,2025-04-08T15:01:05+0300,https://hh.ru/vacancy/119290200,4,2025-04-27T14:09:22
Data Scientist,RDP.RU,,,,Удаленная работа,От 3 до 6 лет,2025-04-02T21:49:31+0300,https://hh.ru/vacancy/118894383,4,2025-04-27T14:09:22
Data Scientist NLP,СберПраво,,,,Полный день,От 1 года до 3 лет,2025-04-09T13:53:56+0300,https://hh.ru/vacancy/118982234,4,2025-04-27T14:09:22
"Data Scientist (Deep Learning), Рекомендации и персонализация",Ozon,,,,Удаленная работа,От 3 до 6 лет,2025-03-29T14:30:17+0300,https://hh.ru/vacancy/116457750,4,2025-04-27T14:09:22
Аналитик данных,Раппорто,,,,Удаленная работа,От 3 до 6 лет,2025-04-24T14:32:25+0300,https://hh.ru/vacancy/119912564,4,2025-04-27T14:09:22
Аналитик данных,Youstars,150000,,RUR,Полный день,От 1 года до 3 лет,2025-04-24T15:13:51+0300,https://hh.ru/vacancy/118980717,4,2025-04-27T14:09:22
Python-разработчик в Data team,Туту,,,,Полный день,От 3 до 6 лет,2025-04-26T16:23:01+0300,https://hh.ru/vacancy/119083819,4,2025-04-27T14:09:22
Strong Senior Python Engineer,Betby,5000,,EUR,Удаленная работа,Более 6 лет,2025-04-25T14:36:41+0300,https://hh.ru/vacancy/119825861,4,2025-04-27T14:09:22
Technical Solutions Engineer,Selecty,,,,Удаленная работа,От 3 до 6 лет,2025-04-26T16:43:27+0300,https://hh.ru/vacancy/119878955,4,2025-04-27T14:09:22
Дата-сайентист в маркетинг,2ГИС,,,,Полный день,От 3 до 6 лет,2025-04-25T04:20:24+0300,https://hh.ru/vacancy/118842116,4,2025-04-27T14:09:22
Проджект-менеджер / Системный-аналитик в ИТ-продукт,БСТ Менеджмент-Консалтинг,40000,,RUR,Удаленная работа,Нет опыта,2025-04-24T16:31:09+0300,https://hh.ru/vacancy/118985561,4,2025-04-27T14:09:22
Аналитик перфоманс-маркетинга,Точка,,,,Удаленная работа,От 3 до 6 лет,2025-04-24T14:19:18+0300,https://hh.ru/vacancy/119911892,4,2025-04-27T14:09:22
Бизнес аналитик,Ультиматек,,,,Удаленная работа,От 3 до 6 лет,2025-04-24T12:44:24+0300,https://hh.ru/vacancy/119906328,4,2025-04-27T14:09:22
Бизнес-аналитик (b2b),СБЕР,,,,Полный день,От 3 до 6 лет,2025-04-25T12:01:07+0300,https://hh.ru/vacancy/119954907,4,2025-04-27T14:09:22
Биоинформатик (тематика - онкология),ФГБУ ЦСП ФМБА России,,,,Полный день,От 3 до 6 лет,2025-04-23T14:32:50+0300,https://hh.ru/vacancy/119871389,4,2025-04-27T14:09:22
Директор департамента Информационных Технологий,Ритейл Эксперт,500000,,RUR,Полный день,Более 6 лет,2025-04-24T09:22:45+0300,https://hh.ru/vacancy/119892956,4,2025-04-27T14:09:22
Data Scientist в команду риск - моделирования для сегментов корпоративного и/или малого бизнеса,Банк ВТБ (ПАО),,,,Полный день,От 1 года до 3 лет,2025-04-23T01:32:05+0300,https://hh.ru/vacancy/117355090,4,2025-04-27T14:09:22
Team Lead (Домен ИИ модельные сервисы),Т1,,,,Полный день,От 3 до 6 лет,2025-04-23T11:42:53+0300,https://hh.ru/vacancy/118705524,4,2025-04-27T14:09:22
Data scientist (Валидатор моделей банковской и торговой книг),СБЕР,,,,Полный день,От 1 года до 3 лет,2025-04-21T17:46:00+0300,https://hh.ru/vacancy/119786447,4,2025-04-27T14:09:22
Ассистент стоматолога-ортопеда (м. Проспект Мира),ЕВРОПЕЙСКИЙ МЕДИЦИНСКИЙ ЦЕНТР,,125000,RUR,Полный день,От 1 года до 3 лет,2025-04-22T18:00:47+0300,https://hh.ru/vacancy/119837730,4,2025-04-27T14:09:22
Ведущий Data Scientist (BI-аналитик),Мособлгаз,150000,,RUR,Полный день,От 1 года до 3 лет,2025-04-21T10:39:58+0300,https://hh.ru/vacancy/118266231,4,2025-04-27T14:09:22
Senior ML-инженер (Recommendation Systems),WILDBERRIES,,,,Удаленная работа,От 3 до 6 лет,2025-04-19T14:14:30+0300,https://hh.ru/vacancy/118605376,4,2025-04-27T14:09:22
Руководитель проектов (Генеративный ИИ),Nordgold,,,,Полный день,Более 6 лет,2025-04-19T17:44:44+0300,https://hh.ru/vacancy/119722954,4,2025-04-27T14:09:22
Senior HCP Lead / Senior Product Manager,Bayer,,,,Полный день,Более 6 лет,2025-04-18T15:35:11+0300,https://hh.ru/vacancy/118619535,4,2025-04-27T14:09:22
"Старший разработчик Java, Java-платформа",Ozon,,,,Удаленная работа,От 3 до 6 лет,2025-04-18T12:09:22+0300,https://hh.ru/vacancy/106978588,4,2025-04-27T14:09:22
Владелец продукта (команда кредитное решение),СБЕР,,,,Полный день,От 3 до 6 лет,2025-04-17T16:41:00+0300,https://hh.ru/vacancy/119652400,4,2025-04-27T14:09:22
DS / ML Инженер,СБЕР,,,,Полный день,От 3 до 6 лет,2025-04-16T16:34:00+0300,https://hh.ru/vacancy/119602072,4,2025-04-27T14:09:22
"Автор на курс ""Специалист по Data Science""",Яндекс Практикум,,,,Гибкий график,От 3 до 6 лет,2025-04-16T10:13:10+0300,https://hh.ru/vacancy/118562501,4,2025-04-27T14:09:22
Product Owner (Liquidity Manager),DatsTeam,,,,Удаленная работа,Более 6 лет,2025-04-16T17:34:18+0300,https://hh.ru/vacancy/116172650,4,2025-04-27T14:09:22
Data Engineer,МосТрансПроект,,,,Полный день,От 1 года до 3 лет,2025-04-15T10:54:44+0300,https://hh.ru/vacancy/119534695,4,2025-04-27T14:09:22
Специалист по модификации и сопровождению (SAP),Полюс,,,,Удаленная работа,От 3 до 6 лет,2025-04-16T11:57:25+0300,https://hh.ru/vacancy/119584383,4,2025-04-27T14:09:22
ML-инженер (портал Рамблер),Rambler&Co,,,,Полный день,От 3 до 6 лет,2025-04-15T15:32:18+0300,https://hh.ru/vacancy/119553456,4,2025-04-27T14:09:22
Head of Analytics / Руководитель отдела аналитики,нетмонет,,,,Полный день,От 3 до 6 лет,2025-04-15T13:43:32+0300,https://hh.ru/vacancy/119546574,4,2025-04-27T14:09:22
Системный аналитик,СБЕР,,,,Полный день,От 1 года до 3 лет,2025-04-15T13:48:00+0300,https://hh.ru/vacancy/119546848,4,2025-04-27T14:09:22
Data Scientist (Валидация моделей кредитного риска КИБ),СБЕР,,,,Полный день,От 1 года до 3 лет,2025-04-14T14:57:00+0300,https://hh.ru/vacancy/119502551,4,2025-04-27T14:09:22
Ai-agent engineer (прототипирование AI-агентов),СБЕР,,,,Полный день,От 1 года до 3 лет,2025-04-14T18:46:00+0300,https://hh.ru/vacancy/119514666,4,2025-04-27T14:09:22
Project manager по СХ стратегии,Альфа-Банк,,,,Полный день,От 1 года до 3 лет,2025-04-15T12:00:45+0300,https://hh.ru/vacancy/119539556,4,2025-04-27T14:09:22
